label,from,to
congressionaldistrict,dc172c20-878e-11e7-a4f9-1cc1de329608,03
congressionaldistrict,dc172d05-878e-11e7-a4f9-1cc1de329608,08
congressionaldistrict,dc172cef-878e-11e7-a4f9-1cc1de329608,48
congressionaldistrict,dc172bf4-878e-11e7-a4f9-1cc1de329608,10
congressionaldistrict,dc172cdf-878e-11e7-a4f9-1cc1de329608,20
congressionaldistrict,dc172b09-878e-11e7-a4f9-1cc1de329608,02
congressionaldistrict,dc172d5d-878e-11e7-a4f9-1cc1de329608,08
congressionaldistrict,dc172b77-878e-11e7-a4f9-1cc1de329608,37
congressionaldistrict,dc172d73-878e-11e7-a4f9-1cc1de329608,01
congressionaldistrict,dc172abe-878e-11e7-a4f9-1cc1de329608,49
congressionaldistrict,dc172c1d-878e-11e7-a4f9-1cc1de329608,03
congressionaldistrict,11,dc172bdd-878e-11e7-a4f9-1cc1de329608
congressionaldistrict,11,dc172be6-878e-11e7-a4f9-1cc1de329608
congressionaldistrict,11,dc172c7b-878e-11e7-a4f9-1cc1de329608
congressionaldistrict,11,dc172c28-878e-11e7-a4f9-1cc1de329608
congressionaldistrict,11,dc172d49-878e-11e7-a4f9-1cc1de329608
congressionaldistrict,11,dc172d7c-878e-11e7-a4f9-1cc1de329608
congressionaldistrict,11,dc172d35-878e-11e7-a4f9-1cc1de329608
congressionaldistrict,11,dc172d39-878e-11e7-a4f9-1cc1de329608
congressionaldistrict,11,dc172b61-878e-11e7-a4f9-1cc1de329608
congressionaldistrict,11,dc172d78-878e-11e7-a4f9-1cc1de329608
congressionaldistrict,11,dc172bea-878e-11e7-a4f9-1cc1de329608
congressionaldistrict,11,dc172c3b-878e-11e7-a4f9-1cc1de329608
congressionaldistrict,11,dc172c93-878e-11e7-a4f9-1cc1de329608
congressionaldistrict,11,dc172cf1-878e-11e7-a4f9-1cc1de329608
congressionaldistrict,11,dc172b05-878e-11e7-a4f9-1cc1de329608
congressionaldistrict,11,dc172bb5-878e-11e7-a4f9-1cc1de329608
congressionaldistrict,11,dc172c0c-878e-11e7-a4f9-1cc1de329608
congressionaldistrict,11,dc172c3d-878e-11e7-a4f9-1cc1de329608
congressionaldistrict,11,dc172cbd-878e-11e7-a4f9-1cc1de329608
congressionaldistrict,11,dc172c1f-878e-11e7-a4f9-1cc1de329608
congressionaldistrict,11,dc172d3a-878e-11e7-a4f9-1cc1de329608
congressionaldistrict,11,dc172b2e-878e-11e7-a4f9-1cc1de329608
congressionaldistrict,11,dc172bf8-878e-11e7-a4f9-1cc1de329608
congressionaldistrict,11,dc172b66-878e-11e7-a4f9-1cc1de329608
congressionaldistrict,11,dc172c08-878e-11e7-a4f9-1cc1de329608
congressionaldistrict,11,dc172d36-878e-11e7-a4f9-1cc1de329608
congressionaldistrict,11,dc172c99-878e-11e7-a4f9-1cc1de329608
congressionaldistrict,11,dc172b42-878e-11e7-a4f9-1cc1de329608
congressionaldistrict,11,dc172be4-878e-11e7-a4f9-1cc1de329608
congressionaldistrict,11,dc172d46-878e-11e7-a4f9-1cc1de329608
congressionaldistrict,11,dc172cfa-878e-11e7-a4f9-1cc1de329608
congressionaldistrict,11,dc172d53-878e-11e7-a4f9-1cc1de329608
congressionaldistrict,11,dc172b9c-878e-11e7-a4f9-1cc1de329608
congressionaldistrict,11,dc172d38-878e-11e7-a4f9-1cc1de329608
congressionaldistrict,11,dc172c11-878e-11e7-a4f9-1cc1de329608
congressionaldistrict,11,dc172b8e-878e-11e7-a4f9-1cc1de329608
congressionaldistrict,11,dc172d37-878e-11e7-a4f9-1cc1de329608
congressionaldistrict,11,dc172bef-878e-11e7-a4f9-1cc1de329608
congressionaldistrict,11,dc172c67-878e-11e7-a4f9-1cc1de329608
congressionaldistrict,11,dc172ad9-878e-11e7-a4f9-1cc1de329608
congressionaldistrict,11,dc172b01-878e-11e7-a4f9-1cc1de329608
congressionaldistrict,11,dc172c4a-878e-11e7-a4f9-1cc1de329608
congressionaldistrict,11,dc172d67-878e-11e7-a4f9-1cc1de329608
congressionaldistrict,11,dc172b9b-878e-11e7-a4f9-1cc1de329608
congressionaldistrict,11,dc172d1c-878e-11e7-a4f9-1cc1de329608
congressionaldistrict,11,dc172b1f-878e-11e7-a4f9-1cc1de329608
congressionaldistrict,dc172cfc-878e-11e7-a4f9-1cc1de329608,01
congressionaldistrict,dc172b99-878e-11e7-a4f9-1cc1de329608,33
congressionaldistrict,dc172d41-878e-11e7-a4f9-1cc1de329608,33
congressionaldistrict,dc172adc-878e-11e7-a4f9-1cc1de329608,07
congressionaldistrict,dc172b4d-878e-11e7-a4f9-1cc1de329608,02
congressionaldistrict,dc172b23-878e-11e7-a4f9-1cc1de329608,02
congressionaldistrict,dc172acf-878e-11e7-a4f9-1cc1de329608,03
congressionaldistrict,dc172b11-878e-11e7-a4f9-1cc1de329608,01
congressionaldistrict,dc172cb0-878e-11e7-a4f9-1cc1de329608,33
congressionaldistrict,dc172b19-878e-11e7-a4f9-1cc1de329608,03
congressionaldistrict,30,dc172cb4-878e-11e7-a4f9-1cc1de329608
congressionaldistrict,30,dc172d70-878e-11e7-a4f9-1cc1de329608
congressionaldistrict,30,dc172cb3-878e-11e7-a4f9-1cc1de329608
congressionaldistrict,30,dc172ae1-878e-11e7-a4f9-1cc1de329608
congressionaldistrict,dc172c5f-878e-11e7-a4f9-1cc1de329608,05
congressionaldistrict,dc172c7a-878e-11e7-a4f9-1cc1de329608,26
congressionaldistrict,dc172d07-878e-11e7-a4f9-1cc1de329608,08
congressionaldistrict,dc172cb7-878e-11e7-a4f9-1cc1de329608,03
congressionaldistrict,dc172b7a-878e-11e7-a4f9-1cc1de329608,03
congressionaldistrict,dc172bb1-878e-11e7-a4f9-1cc1de329608,02
congressionaldistrict,dc172bd5-878e-11e7-a4f9-1cc1de329608,07
congressionaldistrict,49,dc172b33-878e-11e7-a4f9-1cc1de329608
congressionaldistrict,49,dc172b7c-878e-11e7-a4f9-1cc1de329608
congressionaldistrict,49,dc172ab0-878e-11e7-a4f9-1cc1de329608
congressionaldistrict,49,dc172b8f-878e-11e7-a4f9-1cc1de329608
congressionaldistrict,49,dc172d6e-878e-11e7-a4f9-1cc1de329608
congressionaldistrict,49,dc172c85-878e-11e7-a4f9-1cc1de329608
congressionaldistrict,dc172bde-878e-11e7-a4f9-1cc1de329608,02
congressionaldistrict,dc172b68-878e-11e7-a4f9-1cc1de329608,07
congressionaldistrict,dc172cc3-878e-11e7-a4f9-1cc1de329608,14
congressionaldistrict,dc172af6-878e-11e7-a4f9-1cc1de329608,02
congressionaldistrict,dc172ad2-878e-11e7-a4f9-1cc1de329608,12
congressionaldistrict,dc172b37-878e-11e7-a4f9-1cc1de329608,33
congressionaldistrict,dc172bd4-878e-11e7-a4f9-1cc1de329608,01
congressionaldistrict,dc172b83-878e-11e7-a4f9-1cc1de329608,03
congressionaldistrict,dc172b94-878e-11e7-a4f9-1cc1de329608,02
congressionaldistrict,dc172c75-878e-11e7-a4f9-1cc1de329608,07
congressionaldistrict,dc172c33-878e-11e7-a4f9-1cc1de329608,37
congressionaldistrict,dc172ba0-878e-11e7-a4f9-1cc1de329608,05
congressionaldistrict,dc172ca3-878e-11e7-a4f9-1cc1de329608,07
congressionaldistrict,dc172c07-878e-11e7-a4f9-1cc1de329608,03
congressionaldistrict,dc172bc7-878e-11e7-a4f9-1cc1de329608,03
congressionaldistrict,dc172b16-878e-11e7-a4f9-1cc1de329608,07
congressionaldistrict,dc172ab1-878e-11e7-a4f9-1cc1de329608,01
congressionaldistrict,dc172c02-878e-11e7-a4f9-1cc1de329608,10
congressionaldistrict,dc172cae-878e-11e7-a4f9-1cc1de329608,07
congressionaldistrict,dc172bfb-878e-11e7-a4f9-1cc1de329608,05
congressionaldistrict,dc172b6a-878e-11e7-a4f9-1cc1de329608,13
congressionaldistrict,dc172b3c-878e-11e7-a4f9-1cc1de329608,33
congressionaldistrict,dc172ca0-878e-11e7-a4f9-1cc1de329608,10
congressionaldistrict,dc172b27-878e-11e7-a4f9-1cc1de329608,10
congressionaldistrict,dc172baf-878e-11e7-a4f9-1cc1de329608,02
congressionaldistrict,02,dc172c0f-878e-11e7-a4f9-1cc1de329608
congressionaldistrict,02,dc172b70-878e-11e7-a4f9-1cc1de329608
congressionaldistrict,02,dc172c2f-878e-11e7-a4f9-1cc1de329608
congressionaldistrict,02,dc172b1e-878e-11e7-a4f9-1cc1de329608
congressionaldistrict,02,dc172c71-878e-11e7-a4f9-1cc1de329608
congressionaldistrict,02,dc172a98-878e-11e7-a4f9-1cc1de329608
congressionaldistrict,02,dc172b6e-878e-11e7-a4f9-1cc1de329608
congressionaldistrict,02,dc172b67-878e-11e7-a4f9-1cc1de329608
congressionaldistrict,02,dc172d48-878e-11e7-a4f9-1cc1de329608
congressionaldistrict,02,dc172b65-878e-11e7-a4f9-1cc1de329608
congressionaldistrict,02,dc172bd8-878e-11e7-a4f9-1cc1de329608
congressionaldistrict,02,dc172c05-878e-11e7-a4f9-1cc1de329608
congressionaldistrict,02,dc172d20-878e-11e7-a4f9-1cc1de329608
congressionaldistrict,02,dc172ba2-878e-11e7-a4f9-1cc1de329608
congressionaldistrict,02,dc172d76-878e-11e7-a4f9-1cc1de329608
congressionaldistrict,02,dc172cac-878e-11e7-a4f9-1cc1de329608
congressionaldistrict,02,dc172af0-878e-11e7-a4f9-1cc1de329608
congressionaldistrict,02,dc172b54-878e-11e7-a4f9-1cc1de329608
congressionaldistrict,02,dc172bf1-878e-11e7-a4f9-1cc1de329608
congressionaldistrict,02,dc172b18-878e-11e7-a4f9-1cc1de329608
congressionaldistrict,02,dc172d4f-878e-11e7-a4f9-1cc1de329608
congressionaldistrict,02,dc172aa6-878e-11e7-a4f9-1cc1de329608
congressionaldistrict,02,dc172d42-878e-11e7-a4f9-1cc1de329608
congressionaldistrict,02,dc172c22-878e-11e7-a4f9-1cc1de329608
congressionaldistrict,02,dc172b75-878e-11e7-a4f9-1cc1de329608
congressionaldistrict,02,dc172c32-878e-11e7-a4f9-1cc1de329608
congressionaldistrict,02,dc172b0a-878e-11e7-a4f9-1cc1de329608
congressionaldistrict,02,dc172d24-878e-11e7-a4f9-1cc1de329608
congressionaldistrict,02,dc172cbb-878e-11e7-a4f9-1cc1de329608
congressionaldistrict,02,dc172b89-878e-11e7-a4f9-1cc1de329608
congressionaldistrict,02,dc172c0b-878e-11e7-a4f9-1cc1de329608
congressionaldistrict,02,dc172d57-878e-11e7-a4f9-1cc1de329608
congressionaldistrict,02,dc172c88-878e-11e7-a4f9-1cc1de329608
congressionaldistrict,02,dc172bb3-878e-11e7-a4f9-1cc1de329608
congressionaldistrict,02,dc172c26-878e-11e7-a4f9-1cc1de329608
congressionaldistrict,02,dc172d21-878e-11e7-a4f9-1cc1de329608
congressionaldistrict,02,dc172ae9-878e-11e7-a4f9-1cc1de329608
congressionaldistrict,02,dc172b6b-878e-11e7-a4f9-1cc1de329608
congressionaldistrict,02,dc172b86-878e-11e7-a4f9-1cc1de329608
congressionaldistrict,02,dc172aa4-878e-11e7-a4f9-1cc1de329608
congressionaldistrict,02,dc172d22-878e-11e7-a4f9-1cc1de329608
congressionaldistrict,02,dc172d30-878e-11e7-a4f9-1cc1de329608
congressionaldistrict,02,dc172c3c-878e-11e7-a4f9-1cc1de329608
congressionaldistrict,02,dc172abc-878e-11e7-a4f9-1cc1de329608
congressionaldistrict,02,dc172c19-878e-11e7-a4f9-1cc1de329608
congressionaldistrict,02,dc172cee-878e-11e7-a4f9-1cc1de329608
congressionaldistrict,02,dc172bf3-878e-11e7-a4f9-1cc1de329608
congressionaldistrict,02,dc172ad6-878e-11e7-a4f9-1cc1de329608
congressionaldistrict,02,dc172c95-878e-11e7-a4f9-1cc1de329608
congressionaldistrict,02,dc172d5c-878e-11e7-a4f9-1cc1de329608
congressionaldistrict,dc172c94-878e-11e7-a4f9-1cc1de329608,01
congressionaldistrict,dc172d7a-878e-11e7-a4f9-1cc1de329608,10
congressionaldistrict,dc172cd5-878e-11e7-a4f9-1cc1de329608,05
congressionaldistrict,dc172bdb-878e-11e7-a4f9-1cc1de329608,33
congressionaldistrict,dc172cc5-878e-11e7-a4f9-1cc1de329608,10
congressionaldistrict,dc172c49-878e-11e7-a4f9-1cc1de329608,08
congressionaldistrict,dc172c53-878e-11e7-a4f9-1cc1de329608,09
congressionaldistrict,dc172bfd-878e-11e7-a4f9-1cc1de329608,25
congressionaldistrict,dc172ae6-878e-11e7-a4f9-1cc1de329608,03
congressionaldistrict,dc172a94-878e-11e7-a4f9-1cc1de329608,06
congressionaldistrict,dc172d2c-878e-11e7-a4f9-1cc1de329608,24
congressionaldistrict,dc172af5-878e-11e7-a4f9-1cc1de329608,10
congressionaldistrict,dc172acc-878e-11e7-a4f9-1cc1de329608,24
congressionaldistrict,dc172ba5-878e-11e7-a4f9-1cc1de329608,14
congressionaldistrict,dc172cdd-878e-11e7-a4f9-1cc1de329608,12
congressionaldistrict,dc172cc4-878e-11e7-a4f9-1cc1de329608,33
congressionaldistrict,dc172bda-878e-11e7-a4f9-1cc1de329608,03
congressionaldistrict,dc172b32-878e-11e7-a4f9-1cc1de329608,01
congressionaldistrict,dc172d64-878e-11e7-a4f9-1cc1de329608,10
congressionaldistrict,dc172d3e-878e-11e7-a4f9-1cc1de329608,14
congressionaldistrict,dc172ca8-878e-11e7-a4f9-1cc1de329608,05
congressionaldistrict,dc172a96-878e-11e7-a4f9-1cc1de329608,18
congressionaldistrict,dc172b74-878e-11e7-a4f9-1cc1de329608,03
congressionaldistrict,dc172d09-878e-11e7-a4f9-1cc1de329608,08
congressionaldistrict,dc172c3a-878e-11e7-a4f9-1cc1de329608,03
congressionaldistrict,dc172bcc-878e-11e7-a4f9-1cc1de329608,03
congressionaldistrict,dc172c42-878e-11e7-a4f9-1cc1de329608,05
congressionaldistrict,dc172a95-878e-11e7-a4f9-1cc1de329608,01
congressionaldistrict,dc172c8b-878e-11e7-a4f9-1cc1de329608,37
congressionaldistrict,dc172d04-878e-11e7-a4f9-1cc1de329608,15
congressionaldistrict,dc172aec-878e-11e7-a4f9-1cc1de329608,04
congressionaldistrict,dc172d28-878e-11e7-a4f9-1cc1de329608,08
congressionaldistrict,dc172c30-878e-11e7-a4f9-1cc1de329608,07
congressionaldistrict,dc172ccc-878e-11e7-a4f9-1cc1de329608,18
congressionaldistrict,dc172d0e-878e-11e7-a4f9-1cc1de329608,08
congressionaldistrict,dc172afe-878e-11e7-a4f9-1cc1de329608,01
congressionaldistrict,dc172adf-878e-11e7-a4f9-1cc1de329608,03
congressionaldistrict,dc172c21-878e-11e7-a4f9-1cc1de329608,03
congressionaldistrict,dc172c4f-878e-11e7-a4f9-1cc1de329608,05
congressionaldistrict,dc172bcb-878e-11e7-a4f9-1cc1de329608,03
congressionaldistrict,dc172aa5-878e-11e7-a4f9-1cc1de329608,01
congressionaldistrict,dc172b76-878e-11e7-a4f9-1cc1de329608,33
congressionaldistrict,dc172c1e-878e-11e7-a4f9-1cc1de329608,03
congressionaldistrict,dc172d2f-878e-11e7-a4f9-1cc1de329608,24
congressionaldistrict,dc172b6d-878e-11e7-a4f9-1cc1de329608,03
congressionaldistrict,dc172c31-878e-11e7-a4f9-1cc1de329608,08
congressionaldistrict,dc172b95-878e-11e7-a4f9-1cc1de329608,03
congressionaldistrict,dc172b2d-878e-11e7-a4f9-1cc1de329608,01
congressionaldistrict,dc172aba-878e-11e7-a4f9-1cc1de329608,03
congressionaldistrict,dc172c51-878e-11e7-a4f9-1cc1de329608,01
congressionaldistrict,dc172c62-878e-11e7-a4f9-1cc1de329608,03
congressionaldistrict,15,dc172b39-878e-11e7-a4f9-1cc1de329608
congressionaldistrict,dc172bac-878e-11e7-a4f9-1cc1de329608,03
congressionaldistrict,dc172c61-878e-11e7-a4f9-1cc1de329608,01
congressionaldistrict,dc172d26-878e-11e7-a4f9-1cc1de329608,20
congressionaldistrict,dc172c84-878e-11e7-a4f9-1cc1de329608,05
congressionaldistrict,dc172bd9-878e-11e7-a4f9-1cc1de329608,03
congressionaldistrict,dc172c9b-878e-11e7-a4f9-1cc1de329608,01
congressionaldistrict,dc172bd6-878e-11e7-a4f9-1cc1de329608,06
congressionaldistrict,dc172b5d-878e-11e7-a4f9-1cc1de329608,10
congressionaldistrict,dc172b4c-878e-11e7-a4f9-1cc1de329608,14
congressionaldistrict,dc172b1d-878e-11e7-a4f9-1cc1de329608,03
congressionaldistrict,dc172b2f-878e-11e7-a4f9-1cc1de329608,03
congressionaldistrict,dc172c17-878e-11e7-a4f9-1cc1de329608,37
congressionaldistrict,dc172b85-878e-11e7-a4f9-1cc1de329608,10
congressionaldistrict,05,dc172cfd-878e-11e7-a4f9-1cc1de329608
congressionaldistrict,05,dc172beb-878e-11e7-a4f9-1cc1de329608
congressionaldistrict,05,dc172d58-878e-11e7-a4f9-1cc1de329608
congressionaldistrict,05,dc172af7-878e-11e7-a4f9-1cc1de329608
congressionaldistrict,05,dc172b13-878e-11e7-a4f9-1cc1de329608
congressionaldistrict,05,dc172cb2-878e-11e7-a4f9-1cc1de329608
congressionaldistrict,05,dc172b25-878e-11e7-a4f9-1cc1de329608
congressionaldistrict,05,dc172ad3-878e-11e7-a4f9-1cc1de329608
congressionaldistrict,05,dc172d25-878e-11e7-a4f9-1cc1de329608
congressionaldistrict,05,dc172d34-878e-11e7-a4f9-1cc1de329608
congressionaldistrict,05,dc172bb7-878e-11e7-a4f9-1cc1de329608
congressionaldistrict,05,dc172b17-878e-11e7-a4f9-1cc1de329608
congressionaldistrict,05,dc172ce2-878e-11e7-a4f9-1cc1de329608
congressionaldistrict,05,dc172bca-878e-11e7-a4f9-1cc1de329608
congressionaldistrict,05,dc172ccb-878e-11e7-a4f9-1cc1de329608
congressionaldistrict,05,dc172bd7-878e-11e7-a4f9-1cc1de329608
congressionaldistrict,05,dc172d1e-878e-11e7-a4f9-1cc1de329608
congressionaldistrict,05,dc172b3b-878e-11e7-a4f9-1cc1de329608
congressionaldistrict,05,dc172cba-878e-11e7-a4f9-1cc1de329608
congressionaldistrict,05,dc172d59-878e-11e7-a4f9-1cc1de329608
congressionaldistrict,05,dc172acb-878e-11e7-a4f9-1cc1de329608
congressionaldistrict,05,dc172b45-878e-11e7-a4f9-1cc1de329608
congressionaldistrict,05,dc172c5b-878e-11e7-a4f9-1cc1de329608
congressionaldistrict,05,dc172b78-878e-11e7-a4f9-1cc1de329608
congressionaldistrict,05,dc172cd8-878e-11e7-a4f9-1cc1de329608
congressionaldistrict,05,dc172b91-878e-11e7-a4f9-1cc1de329608
congressionaldistrict,05,dc172d1a-878e-11e7-a4f9-1cc1de329608
congressionaldistrict,05,dc172cd1-878e-11e7-a4f9-1cc1de329608
congressionaldistrict,05,dc172ce0-878e-11e7-a4f9-1cc1de329608
congressionaldistrict,05,dc172d79-878e-11e7-a4f9-1cc1de329608
congressionaldistrict,05,dc172aa7-878e-11e7-a4f9-1cc1de329608
congressionaldistrict,05,dc172c5c-878e-11e7-a4f9-1cc1de329608
congressionaldistrict,05,dc172aaa-878e-11e7-a4f9-1cc1de329608
congressionaldistrict,05,dc172bd1-878e-11e7-a4f9-1cc1de329608
congressionaldistrict,dc172b36-878e-11e7-a4f9-1cc1de329608,10
congressionaldistrict,dc172c4b-878e-11e7-a4f9-1cc1de329608,01
congressionaldistrict,dc172be7-878e-11e7-a4f9-1cc1de329608,33
congressionaldistrict,dc172ca4-878e-11e7-a4f9-1cc1de329608,01
congressionaldistrict,dc172cc7-878e-11e7-a4f9-1cc1de329608,24
congressionaldistrict,dc172b81-878e-11e7-a4f9-1cc1de329608,08
congressionaldistrict,dc172ba3-878e-11e7-a4f9-1cc1de329608,23
congressionaldistrict,dc172b98-878e-11e7-a4f9-1cc1de329608,33
congressionaldistrict,dc172d5f-878e-11e7-a4f9-1cc1de329608,03
congressionaldistrict,23,dc172b31-878e-11e7-a4f9-1cc1de329608
congressionaldistrict,dc172bcd-878e-11e7-a4f9-1cc1de329608,07
congressionaldistrict,dc172cf2-878e-11e7-a4f9-1cc1de329608,10
congressionaldistrict,dc172d0a-878e-11e7-a4f9-1cc1de329608,08
congressionaldistrict,dc172b82-878e-11e7-a4f9-1cc1de329608,01
congressionaldistrict,dc172b3e-878e-11e7-a4f9-1cc1de329608,03
congressionaldistrict,dc172c27-878e-11e7-a4f9-1cc1de329608,20
congressionaldistrict,dc172cc1-878e-11e7-a4f9-1cc1de329608,01
congressionaldistrict,dc172bdc-878e-11e7-a4f9-1cc1de329608,01
congressionaldistrict,dc172b58-878e-11e7-a4f9-1cc1de329608,33
congressionaldistrict,dc172b6c-878e-11e7-a4f9-1cc1de329608,01
congressionaldistrict,dc172d4d-878e-11e7-a4f9-1cc1de329608,13
congressionaldistrict,dc172ce3-878e-11e7-a4f9-1cc1de329608,26
congressionaldistrict,dc172c1c-878e-11e7-a4f9-1cc1de329608,07
congressionaldistrict,dc172b5a-878e-11e7-a4f9-1cc1de329608,10
congressionaldistrict,dc172cce-878e-11e7-a4f9-1cc1de329608,03
congressionaldistrict,dc172cfb-878e-11e7-a4f9-1cc1de329608,01
congressionaldistrict,dc172d11-878e-11e7-a4f9-1cc1de329608,08
congressionaldistrict,dc172b51-878e-11e7-a4f9-1cc1de329608,48
congressionaldistrict,17,dc172b0c-878e-11e7-a4f9-1cc1de329608
congressionaldistrict,17,dc172ad0-878e-11e7-a4f9-1cc1de329608
congressionaldistrict,17,dc172b9a-878e-11e7-a4f9-1cc1de329608
congressionaldistrict,dc172bc0-878e-11e7-a4f9-1cc1de329608,07
congressionaldistrict,dc172b9f-878e-11e7-a4f9-1cc1de329608,08
congressionaldistrict,dc172bbe-878e-11e7-a4f9-1cc1de329608,03
congressionaldistrict,dc172d40-878e-11e7-a4f9-1cc1de329608,01
congressionaldistrict,dc172c89-878e-11e7-a4f9-1cc1de329608,03
congressionaldistrict,dc172c2e-878e-11e7-a4f9-1cc1de329608,03
congressionaldistrict,dc172c7e-878e-11e7-a4f9-1cc1de329608,08
congressionaldistrict,dc172b52-878e-11e7-a4f9-1cc1de329608,03
congressionaldistrict,dc172d43-878e-11e7-a4f9-1cc1de329608,12
congressionaldistrict,dc172cdb-878e-11e7-a4f9-1cc1de329608,01
congressionaldistrict,dc172aac-878e-11e7-a4f9-1cc1de329608,10
congressionaldistrict,dc172ca2-878e-11e7-a4f9-1cc1de329608,13
congressionaldistrict,dc172c29-878e-11e7-a4f9-1cc1de329608,08
congressionaldistrict,dc172bff-878e-11e7-a4f9-1cc1de329608,03
congressionaldistrict,dc172ba6-878e-11e7-a4f9-1cc1de329608,10
congressionaldistrict,dc172d47-878e-11e7-a4f9-1cc1de329608,26
congressionaldistrict,dc172ab3-878e-11e7-a4f9-1cc1de329608,10
congressionaldistrict,37,dc172b4f-878e-11e7-a4f9-1cc1de329608
congressionaldistrict,37,dc172be2-878e-11e7-a4f9-1cc1de329608
congressionaldistrict,37,dc172ab9-878e-11e7-a4f9-1cc1de329608
congressionaldistrict,37,dc172c70-878e-11e7-a4f9-1cc1de329608
congressionaldistrict,37,dc172c13-878e-11e7-a4f9-1cc1de329608
congressionaldistrict,37,dc172cca-878e-11e7-a4f9-1cc1de329608
congressionaldistrict,37,dc172aa9-878e-11e7-a4f9-1cc1de329608
congressionaldistrict,37,dc172c81-878e-11e7-a4f9-1cc1de329608
congressionaldistrict,dc172c87-878e-11e7-a4f9-1cc1de329608,33
congressionaldistrict,dc172c96-878e-11e7-a4f9-1cc1de329608,03
congressionaldistrict,dc172c23-878e-11e7-a4f9-1cc1de329608,03
congressionaldistrict,dc172bc3-878e-11e7-a4f9-1cc1de329608,10
congressionaldistrict,dc172bd3-878e-11e7-a4f9-1cc1de329608,07
congressionaldistrict,dc172ae5-878e-11e7-a4f9-1cc1de329608,01
congressionaldistrict,dc172ac5-878e-11e7-a4f9-1cc1de329608,08
congressionaldistrict,dc172c98-878e-11e7-a4f9-1cc1de329608,01
congressionaldistrict,dc172aab-878e-11e7-a4f9-1cc1de329608,07
congressionaldistrict,dc172b41-878e-11e7-a4f9-1cc1de329608,04
congressionaldistrict,dc172cf0-878e-11e7-a4f9-1cc1de329608,52
congressionaldistrict,dc172c6f-878e-11e7-a4f9-1cc1de329608,24
congressionaldistrict,dc172cf9-878e-11e7-a4f9-1cc1de329608,03
congressionaldistrict,dc172c6a-878e-11e7-a4f9-1cc1de329608,01
congressionaldistrict,dc172c79-878e-11e7-a4f9-1cc1de329608,01
congressionaldistrict,dc172ca1-878e-11e7-a4f9-1cc1de329608,04
congressionaldistrict,dc172af9-878e-11e7-a4f9-1cc1de329608,07
congressionaldistrict,dc172d6a-878e-11e7-a4f9-1cc1de329608,10
congressionaldistrict,dc172a9a-878e-11e7-a4f9-1cc1de329608,07
congressionaldistrict,dc172ab4-878e-11e7-a4f9-1cc1de329608,12
congressionaldistrict,dc172bba-878e-11e7-a4f9-1cc1de329608,33
congressionaldistrict,dc172be9-878e-11e7-a4f9-1cc1de329608,07
congressionaldistrict,dc172bce-878e-11e7-a4f9-1cc1de329608,04
congressionaldistrict,dc172bfc-878e-11e7-a4f9-1cc1de329608,03
congressionaldistrict,dc172c15-878e-11e7-a4f9-1cc1de329608,03
congressionaldistrict,dc172b71-878e-11e7-a4f9-1cc1de329608,03
congressionaldistrict,dc172ab8-878e-11e7-a4f9-1cc1de329608,33
congressionaldistrict,dc172cb9-878e-11e7-a4f9-1cc1de329608,52
congressionaldistrict,22,dc172bae-878e-11e7-a4f9-1cc1de329608
congressionaldistrict,dc172b1a-878e-11e7-a4f9-1cc1de329608,20
congressionaldistrict,dc172ca9-878e-11e7-a4f9-1cc1de329608,01
congressionaldistrict,03,dc172c76-878e-11e7-a4f9-1cc1de329608
congressionaldistrict,03,dc172ad8-878e-11e7-a4f9-1cc1de329608
congressionaldistrict,03,dc172c24-878e-11e7-a4f9-1cc1de329608
congressionaldistrict,03,dc172b1c-878e-11e7-a4f9-1cc1de329608
congressionaldistrict,03,dc172aeb-878e-11e7-a4f9-1cc1de329608
congressionaldistrict,03,dc172b64-878e-11e7-a4f9-1cc1de329608
congressionaldistrict,03,dc172d1d-878e-11e7-a4f9-1cc1de329608
congressionaldistrict,03,dc172adb-878e-11e7-a4f9-1cc1de329608
congressionaldistrict,03,dc172bc9-878e-11e7-a4f9-1cc1de329608
congressionaldistrict,03,dc172d63-878e-11e7-a4f9-1cc1de329608
congressionaldistrict,03,dc172b44-878e-11e7-a4f9-1cc1de329608
congressionaldistrict,03,dc172aea-878e-11e7-a4f9-1cc1de329608
congressionaldistrict,03,dc172b15-878e-11e7-a4f9-1cc1de329608
congressionaldistrict,03,dc172c01-878e-11e7-a4f9-1cc1de329608
congressionaldistrict,03,dc172af4-878e-11e7-a4f9-1cc1de329608
congressionaldistrict,03,dc172bcf-878e-11e7-a4f9-1cc1de329608
congressionaldistrict,03,dc172cab-878e-11e7-a4f9-1cc1de329608
congressionaldistrict,03,dc172b2a-878e-11e7-a4f9-1cc1de329608
congressionaldistrict,03,dc172caa-878e-11e7-a4f9-1cc1de329608
congressionaldistrict,03,dc172c8f-878e-11e7-a4f9-1cc1de329608
congressionaldistrict,03,dc172d29-878e-11e7-a4f9-1cc1de329608
congressionaldistrict,03,dc172d50-878e-11e7-a4f9-1cc1de329608
congressionaldistrict,03,dc172d44-878e-11e7-a4f9-1cc1de329608
congressionaldistrict,03,dc172b12-878e-11e7-a4f9-1cc1de329608
congressionaldistrict,03,dc172c73-878e-11e7-a4f9-1cc1de329608
congressionaldistrict,03,dc172cde-878e-11e7-a4f9-1cc1de329608
congressionaldistrict,03,dc172bed-878e-11e7-a4f9-1cc1de329608
congressionaldistrict,03,dc172d02-878e-11e7-a4f9-1cc1de329608
congressionaldistrict,03,dc172d32-878e-11e7-a4f9-1cc1de329608
congressionaldistrict,03,dc172d17-878e-11e7-a4f9-1cc1de329608
congressionaldistrict,03,dc172bf6-878e-11e7-a4f9-1cc1de329608
congressionaldistrict,03,dc172cf5-878e-11e7-a4f9-1cc1de329608
congressionaldistrict,03,dc172b08-878e-11e7-a4f9-1cc1de329608
congressionaldistrict,03,dc172b80-878e-11e7-a4f9-1cc1de329608
congressionaldistrict,03,dc172c40-878e-11e7-a4f9-1cc1de329608
congressionaldistrict,03,dc172d74-878e-11e7-a4f9-1cc1de329608
congressionaldistrict,03,dc172af3-878e-11e7-a4f9-1cc1de329608
congressionaldistrict,03,dc172ad1-878e-11e7-a4f9-1cc1de329608
congressionaldistrict,03,dc172d4a-878e-11e7-a4f9-1cc1de329608
congressionaldistrict,03,dc172af8-878e-11e7-a4f9-1cc1de329608
congressionaldistrict,03,dc172aca-878e-11e7-a4f9-1cc1de329608
congressionaldistrict,03,dc172d31-878e-11e7-a4f9-1cc1de329608
congressionaldistrict,03,dc172b20-878e-11e7-a4f9-1cc1de329608
congressionaldistrict,03,dc172c9c-878e-11e7-a4f9-1cc1de329608
congressionaldistrict,03,dc172ce1-878e-11e7-a4f9-1cc1de329608
congressionaldistrict,03,dc172c7d-878e-11e7-a4f9-1cc1de329608
congressionaldistrict,03,dc172aa2-878e-11e7-a4f9-1cc1de329608
congressionaldistrict,03,dc172d5b-878e-11e7-a4f9-1cc1de329608
congressionaldistrict,03,dc172b35-878e-11e7-a4f9-1cc1de329608
congressionaldistrict,03,dc172b06-878e-11e7-a4f9-1cc1de329608
congressionaldistrict,03,dc172c64-878e-11e7-a4f9-1cc1de329608
congressionaldistrict,03,dc172ba7-878e-11e7-a4f9-1cc1de329608
congressionaldistrict,03,dc172baa-878e-11e7-a4f9-1cc1de329608
congressionaldistrict,03,dc172aa0-878e-11e7-a4f9-1cc1de329608
congressionaldistrict,03,dc172b49-878e-11e7-a4f9-1cc1de329608
congressionaldistrict,48,dc172d3b-878e-11e7-a4f9-1cc1de329608
congressionaldistrict,48,dc172b4e-878e-11e7-a4f9-1cc1de329608
congressionaldistrict,48,dc172ce5-878e-11e7-a4f9-1cc1de329608
congressionaldistrict,48,dc172c5e-878e-11e7-a4f9-1cc1de329608
congressionaldistrict,48,dc172b87-878e-11e7-a4f9-1cc1de329608
congressionaldistrict,dc172d0f-878e-11e7-a4f9-1cc1de329608,08
congressionaldistrict,dc172c91-878e-11e7-a4f9-1cc1de329608,01
congressionaldistrict,dc172bfa-878e-11e7-a4f9-1cc1de329608,09
congressionaldistrict,dc172b3a-878e-11e7-a4f9-1cc1de329608,01
congressionaldistrict,dc172ca6-878e-11e7-a4f9-1cc1de329608,10
congressionaldistrict,dc172cea-878e-11e7-a4f9-1cc1de329608,18
congressionaldistrict,dc172c86-878e-11e7-a4f9-1cc1de329608,04
congressionaldistrict,dc172cb1-878e-11e7-a4f9-1cc1de329608,25
congressionaldistrict,dc172c45-878e-11e7-a4f9-1cc1de329608,14
congressionaldistrict,dc172b9e-878e-11e7-a4f9-1cc1de329608,21
congressionaldistrict,dc172d27-878e-11e7-a4f9-1cc1de329608,10
congressionaldistrict,dc172c74-878e-11e7-a4f9-1cc1de329608,25
congressionaldistrict,dc172acd-878e-11e7-a4f9-1cc1de329608,12
congressionaldistrict,dc172cbf-878e-11e7-a4f9-1cc1de329608,13
congressionaldistrict,dc172ae7-878e-11e7-a4f9-1cc1de329608,10
congressionaldistrict,dc172b2c-878e-11e7-a4f9-1cc1de329608,18
congressionaldistrict,dc172b28-878e-11e7-a4f9-1cc1de329608,18
congressionaldistrict,dc172d72-878e-11e7-a4f9-1cc1de329608,06
congressionaldistrict,dc172c7c-878e-11e7-a4f9-1cc1de329608,01
congressionaldistrict,dc172c39-878e-11e7-a4f9-1cc1de329608,33
congressionaldistrict,dc172b5f-878e-11e7-a4f9-1cc1de329608,10
congressionaldistrict,dc172ae2-878e-11e7-a4f9-1cc1de329608,18
congressionaldistrict,dc172bf7-878e-11e7-a4f9-1cc1de329608,01
congressionaldistrict,dc172b07-878e-11e7-a4f9-1cc1de329608,33
congressionaldistrict,dc172ac0-878e-11e7-a4f9-1cc1de329608,24
congressionaldistrict,dc172c82-878e-11e7-a4f9-1cc1de329608,19
congressionaldistrict,dc172be5-878e-11e7-a4f9-1cc1de329608,10
congressionaldistrict,dc172bc1-878e-11e7-a4f9-1cc1de329608,13
congressionaldistrict,dc172ade-878e-11e7-a4f9-1cc1de329608,08
congressionaldistrict,21,dc172d60-878e-11e7-a4f9-1cc1de329608
congressionaldistrict,dc172b92-878e-11e7-a4f9-1cc1de329608,12
congressionaldistrict,dc172b50-878e-11e7-a4f9-1cc1de329608,01
congressionaldistrict,dc172c16-878e-11e7-a4f9-1cc1de329608,08
congressionaldistrict,dc172be8-878e-11e7-a4f9-1cc1de329608,18
congressionaldistrict,dc172cc6-878e-11e7-a4f9-1cc1de329608,08
congressionaldistrict,dc172a9f-878e-11e7-a4f9-1cc1de329608,00
congressionaldistrict,dc172b26-878e-11e7-a4f9-1cc1de329608,24
congressionaldistrict,dc172c34-878e-11e7-a4f9-1cc1de329608,09
congressionaldistrict,dc172d12-878e-11e7-a4f9-1cc1de329608,08
congressionaldistrict,dc172ad7-878e-11e7-a4f9-1cc1de329608,14
congressionaldistrict,dc172cf7-878e-11e7-a4f9-1cc1de329608,06
congressionaldistrict,dc172c92-878e-11e7-a4f9-1cc1de329608,52
congressionaldistrict,dc172b1b-878e-11e7-a4f9-1cc1de329608,01
congressionaldistrict,dc172d06-878e-11e7-a4f9-1cc1de329608,08
congressionaldistrict,dc172c80-878e-11e7-a4f9-1cc1de329608,19
congressionaldistrict,dc172a97-878e-11e7-a4f9-1cc1de329608,13
congressionaldistrict,dc172ab6-878e-11e7-a4f9-1cc1de329608,24
congressionaldistrict,08,dc172c4c-878e-11e7-a4f9-1cc1de329608
congressionaldistrict,08,dc172d4c-878e-11e7-a4f9-1cc1de329608
congressionaldistrict,08,dc172b38-878e-11e7-a4f9-1cc1de329608
congressionaldistrict,08,dc172a93-878e-11e7-a4f9-1cc1de329608
congressionaldistrict,08,dc172d15-878e-11e7-a4f9-1cc1de329608
congressionaldistrict,08,dc172c8d-878e-11e7-a4f9-1cc1de329608
congressionaldistrict,08,dc172aa1-878e-11e7-a4f9-1cc1de329608
congressionaldistrict,08,dc172d0b-878e-11e7-a4f9-1cc1de329608
congressionaldistrict,08,dc172bbb-878e-11e7-a4f9-1cc1de329608
congressionaldistrict,08,dc172d10-878e-11e7-a4f9-1cc1de329608
congressionaldistrict,08,dc172c43-878e-11e7-a4f9-1cc1de329608
congressionaldistrict,08,dc172d08-878e-11e7-a4f9-1cc1de329608
congressionaldistrict,08,dc172ca5-878e-11e7-a4f9-1cc1de329608
congressionaldistrict,08,dc172d6d-878e-11e7-a4f9-1cc1de329608
congressionaldistrict,08,dc172c03-878e-11e7-a4f9-1cc1de329608
congressionaldistrict,08,dc172b3f-878e-11e7-a4f9-1cc1de329608
congressionaldistrict,08,dc172d0c-878e-11e7-a4f9-1cc1de329608
congressionaldistrict,08,dc172c41-878e-11e7-a4f9-1cc1de329608
congressionaldistrict,08,dc172d01-878e-11e7-a4f9-1cc1de329608
congressionaldistrict,08,dc172d14-878e-11e7-a4f9-1cc1de329608
congressionaldistrict,08,dc172cbc-878e-11e7-a4f9-1cc1de329608
congressionaldistrict,08,dc172b5b-878e-11e7-a4f9-1cc1de329608
congressionaldistrict,08,dc172bf2-878e-11e7-a4f9-1cc1de329608
congressionaldistrict,08,dc172ab5-878e-11e7-a4f9-1cc1de329608
congressionaldistrict,08,dc172c48-878e-11e7-a4f9-1cc1de329608
congressionaldistrict,08,dc172d71-878e-11e7-a4f9-1cc1de329608
congressionaldistrict,08,dc172aa8-878e-11e7-a4f9-1cc1de329608
congressionaldistrict,08,dc172b8c-878e-11e7-a4f9-1cc1de329608
congressionaldistrict,08,dc172cec-878e-11e7-a4f9-1cc1de329608
congressionaldistrict,08,dc172afd-878e-11e7-a4f9-1cc1de329608
congressionaldistrict,08,dc172afc-878e-11e7-a4f9-1cc1de329608
congressionaldistrict,08,dc172d13-878e-11e7-a4f9-1cc1de329608
congressionaldistrict,08,dc172c57-878e-11e7-a4f9-1cc1de329608
congressionaldistrict,08,dc172cb6-878e-11e7-a4f9-1cc1de329608
congressionaldistrict,08,dc172bd0-878e-11e7-a4f9-1cc1de329608
congressionaldistrict,08,dc172d5e-878e-11e7-a4f9-1cc1de329608
congressionaldistrict,08,dc172ada-878e-11e7-a4f9-1cc1de329608
congressionaldistrict,08,dc172d0d-878e-11e7-a4f9-1cc1de329608
congressionaldistrict,08,dc172cc9-878e-11e7-a4f9-1cc1de329608
congressionaldistrict,08,dc172b29-878e-11e7-a4f9-1cc1de329608
congressionaldistrict,08,dc172d1b-878e-11e7-a4f9-1cc1de329608
congressionaldistrict,08,dc172ab2-878e-11e7-a4f9-1cc1de329608
congressionaldistrict,08,dc172be3-878e-11e7-a4f9-1cc1de329608
congressionaldistrict,08,dc172c04-878e-11e7-a4f9-1cc1de329608
congressionaldistrict,dc172ba4-878e-11e7-a4f9-1cc1de329608,09
congressionaldistrict,dc172bdf-878e-11e7-a4f9-1cc1de329608,06
congressionaldistrict,dc172b34-878e-11e7-a4f9-1cc1de329608,07
congressionaldistrict,dc172b7b-878e-11e7-a4f9-1cc1de329608,01
congressionaldistrict,dc172ca7-878e-11e7-a4f9-1cc1de329608,10
congressionaldistrict,dc172c0d-878e-11e7-a4f9-1cc1de329608,07
congressionaldistrict,dc172ce7-878e-11e7-a4f9-1cc1de329608,10
congressionaldistrict,dc172c38-878e-11e7-a4f9-1cc1de329608,10
congressionaldistrict,dc172b14-878e-11e7-a4f9-1cc1de329608,01
congressionaldistrict,dc172b40-878e-11e7-a4f9-1cc1de329608,04
congressionaldistrict,dc172c0e-878e-11e7-a4f9-1cc1de329608,01
congressionaldistrict,dc172b72-878e-11e7-a4f9-1cc1de329608,07
congressionaldistrict,dc172cd0-878e-11e7-a4f9-1cc1de329608,01
congressionaldistrict,dc172a9b-878e-11e7-a4f9-1cc1de329608,24
congressionaldistrict,dc172ac8-878e-11e7-a4f9-1cc1de329608,04
congressionaldistrict,dc172c66-878e-11e7-a4f9-1cc1de329608,06
congressionaldistrict,dc172aad-878e-11e7-a4f9-1cc1de329608,01
congressionaldistrict,dc172c77-878e-11e7-a4f9-1cc1de329608,01
congressionaldistrict,dc172af1-878e-11e7-a4f9-1cc1de329608,33
congressionaldistrict,dc172b69-878e-11e7-a4f9-1cc1de329608,12
congressionaldistrict,19,dc172d03-878e-11e7-a4f9-1cc1de329608
congressionaldistrict,dc172cad-878e-11e7-a4f9-1cc1de329608,10
congressionaldistrict,dc172d2b-878e-11e7-a4f9-1cc1de329608,07
congressionaldistrict,dc172b8b-878e-11e7-a4f9-1cc1de329608,01
congressionaldistrict,dc172c35-878e-11e7-a4f9-1cc1de329608,07
congressionaldistrict,dc172b63-878e-11e7-a4f9-1cc1de329608,10
congressionaldistrict,dc172b43-878e-11e7-a4f9-1cc1de329608,52
congressionaldistrict,dc172bc6-878e-11e7-a4f9-1cc1de329608,07
congressionaldistrict,dc172b7d-878e-11e7-a4f9-1cc1de329608,13
congressionaldistrict,dc172ac1-878e-11e7-a4f9-1cc1de329608,07
congressionaldistrict,dc172aef-878e-11e7-a4f9-1cc1de329608,33
congressionaldistrict,dc172c0a-878e-11e7-a4f9-1cc1de329608,52
congressionaldistrict,dc172b0d-878e-11e7-a4f9-1cc1de329608,32
congressionaldistrict,dc172ac9-878e-11e7-a4f9-1cc1de329608,07
congressionaldistrict,dc172c58-878e-11e7-a4f9-1cc1de329608,01
congressionaldistrict,dc172b0f-878e-11e7-a4f9-1cc1de329608,12
congressionaldistrict,dc172c4d-878e-11e7-a4f9-1cc1de329608,07
congressionaldistrict,dc172d55-878e-11e7-a4f9-1cc1de329608,09
congressionaldistrict,dc172ba1-878e-11e7-a4f9-1cc1de329608,33
congressionaldistrict,dc172bb2-878e-11e7-a4f9-1cc1de329608,01
congressionaldistrict,dc172bbf-878e-11e7-a4f9-1cc1de329608,01
congressionaldistrict,dc172ac2-878e-11e7-a4f9-1cc1de329608,25
congressionaldistrict,dc172caf-878e-11e7-a4f9-1cc1de329608,01
congressionaldistrict,dc172b88-878e-11e7-a4f9-1cc1de329608,10
congressionaldistrict,dc172d56-878e-11e7-a4f9-1cc1de329608,07
congressionaldistrict,dc172b22-878e-11e7-a4f9-1cc1de329608,14
congressionaldistrict,dc172d33-878e-11e7-a4f9-1cc1de329608,04
congressionaldistrict,dc172c90-878e-11e7-a4f9-1cc1de329608,13
congressionaldistrict,dc172abb-878e-11e7-a4f9-1cc1de329608,33
congressionaldistrict,dc172b84-878e-11e7-a4f9-1cc1de329608,01
congressionaldistrict,dc172c5d-878e-11e7-a4f9-1cc1de329608,07
congressionaldistrict,dc172c5a-878e-11e7-a4f9-1cc1de329608,07
congressionaldistrict,33,dc172ce4-878e-11e7-a4f9-1cc1de329608
congressionaldistrict,33,dc172c4e-878e-11e7-a4f9-1cc1de329608
congressionaldistrict,33,dc172b21-878e-11e7-a4f9-1cc1de329608
congressionaldistrict,33,dc172c14-878e-11e7-a4f9-1cc1de329608
congressionaldistrict,33,dc172b97-878e-11e7-a4f9-1cc1de329608
congressionaldistrict,33,dc172ae8-878e-11e7-a4f9-1cc1de329608
congressionaldistrict,33,dc172bec-878e-11e7-a4f9-1cc1de329608
congressionaldistrict,33,dc172c6c-878e-11e7-a4f9-1cc1de329608
congressionaldistrict,33,dc172cdc-878e-11e7-a4f9-1cc1de329608
congressionaldistrict,33,dc172c2a-878e-11e7-a4f9-1cc1de329608
congressionaldistrict,33,dc172aed-878e-11e7-a4f9-1cc1de329608
congressionaldistrict,33,dc172bf9-878e-11e7-a4f9-1cc1de329608
congressionaldistrict,33,dc172bf5-878e-11e7-a4f9-1cc1de329608
congressionaldistrict,33,dc172bc8-878e-11e7-a4f9-1cc1de329608
congressionaldistrict,33,dc172ce9-878e-11e7-a4f9-1cc1de329608
congressionaldistrict,33,dc172c83-878e-11e7-a4f9-1cc1de329608
congressionaldistrict,33,dc172bd2-878e-11e7-a4f9-1cc1de329608
congressionaldistrict,33,dc172ce6-878e-11e7-a4f9-1cc1de329608
congressionaldistrict,33,dc172b62-878e-11e7-a4f9-1cc1de329608
congressionaldistrict,33,dc172b56-878e-11e7-a4f9-1cc1de329608
congressionaldistrict,33,dc172ae4-878e-11e7-a4f9-1cc1de329608
congressionaldistrict,dc172b30-878e-11e7-a4f9-1cc1de329608,10
congressionaldistrict,dc172a9d-878e-11e7-a4f9-1cc1de329608,01
congressionaldistrict,dc172b96-878e-11e7-a4f9-1cc1de329608,01
congressionaldistrict,dc172d52-878e-11e7-a4f9-1cc1de329608,01
congressionaldistrict,dc172b73-878e-11e7-a4f9-1cc1de329608,25
congressionaldistrict,dc172c1a-878e-11e7-a4f9-1cc1de329608,25
congressionaldistrict,dc172c65-878e-11e7-a4f9-1cc1de329608,18
congressionaldistrict,dc172c54-878e-11e7-a4f9-1cc1de329608,01
congressionaldistrict,dc172ac7-878e-11e7-a4f9-1cc1de329608,10
congressionaldistrict,dc172c50-878e-11e7-a4f9-1cc1de329608,18
congressionaldistrict,07,dc172d66-878e-11e7-a4f9-1cc1de329608
congressionaldistrict,07,dc172afa-878e-11e7-a4f9-1cc1de329608
congressionaldistrict,07,dc172c63-878e-11e7-a4f9-1cc1de329608
congressionaldistrict,07,dc172b7e-878e-11e7-a4f9-1cc1de329608
congressionaldistrict,07,dc172bf0-878e-11e7-a4f9-1cc1de329608
congressionaldistrict,07,dc172cc2-878e-11e7-a4f9-1cc1de329608
congressionaldistrict,07,dc172d2d-878e-11e7-a4f9-1cc1de329608
congressionaldistrict,07,dc172cf6-878e-11e7-a4f9-1cc1de329608
congressionaldistrict,07,dc172aae-878e-11e7-a4f9-1cc1de329608
congressionaldistrict,07,dc172ced-878e-11e7-a4f9-1cc1de329608
congressionaldistrict,07,dc172c9d-878e-11e7-a4f9-1cc1de329608
congressionaldistrict,07,dc172cf4-878e-11e7-a4f9-1cc1de329608
congressionaldistrict,07,dc172b5e-878e-11e7-a4f9-1cc1de329608
congressionaldistrict,07,dc172d75-878e-11e7-a4f9-1cc1de329608
congressionaldistrict,07,dc172d54-878e-11e7-a4f9-1cc1de329608
congressionaldistrict,07,dc172bfe-878e-11e7-a4f9-1cc1de329608
congressionaldistrict,07,dc172b53-878e-11e7-a4f9-1cc1de329608
congressionaldistrict,07,dc172b60-878e-11e7-a4f9-1cc1de329608
congressionaldistrict,07,dc172b24-878e-11e7-a4f9-1cc1de329608
congressionaldistrict,07,dc172b7f-878e-11e7-a4f9-1cc1de329608
congressionaldistrict,07,dc172ac6-878e-11e7-a4f9-1cc1de329608
congressionaldistrict,07,dc172af2-878e-11e7-a4f9-1cc1de329608
congressionaldistrict,dc172b59-878e-11e7-a4f9-1cc1de329608,10
congressionaldistrict,dc172c47-878e-11e7-a4f9-1cc1de329608,01
congressionaldistrict,dc172d45-878e-11e7-a4f9-1cc1de329608,12
congressionaldistrict,dc172b90-878e-11e7-a4f9-1cc1de329608,20
congressionaldistrict,dc172d19-878e-11e7-a4f9-1cc1de329608,26
congressionaldistrict,dc172c00-878e-11e7-a4f9-1cc1de329608,25
congressionaldistrict,dc172afb-878e-11e7-a4f9-1cc1de329608,13
congressionaldistrict,dc172ace-878e-11e7-a4f9-1cc1de329608,01
congressionaldistrict,dc172c18-878e-11e7-a4f9-1cc1de329608,01
congressionaldistrict,dc172ceb-878e-11e7-a4f9-1cc1de329608,14
congressionaldistrict,dc172d68-878e-11e7-a4f9-1cc1de329608,10
congressionaldistrict,dc172c10-878e-11e7-a4f9-1cc1de329608,18
congressionaldistrict,10,dc172bb6-878e-11e7-a4f9-1cc1de329608
congressionaldistrict,10,dc172d18-878e-11e7-a4f9-1cc1de329608
congressionaldistrict,10,dc172b5c-878e-11e7-a4f9-1cc1de329608
congressionaldistrict,10,dc172c68-878e-11e7-a4f9-1cc1de329608
congressionaldistrict,10,dc172c8e-878e-11e7-a4f9-1cc1de329608
congressionaldistrict,10,dc172bbd-878e-11e7-a4f9-1cc1de329608
congressionaldistrict,10,dc172b6f-878e-11e7-a4f9-1cc1de329608
congressionaldistrict,10,dc172c69-878e-11e7-a4f9-1cc1de329608
congressionaldistrict,10,dc172bad-878e-11e7-a4f9-1cc1de329608
congressionaldistrict,10,dc172d7b-878e-11e7-a4f9-1cc1de329608
congressionaldistrict,10,dc172c97-878e-11e7-a4f9-1cc1de329608
congressionaldistrict,10,dc172c72-878e-11e7-a4f9-1cc1de329608
congressionaldistrict,10,dc172b57-878e-11e7-a4f9-1cc1de329608
congressionaldistrict,10,dc172aee-878e-11e7-a4f9-1cc1de329608
congressionaldistrict,10,dc172cda-878e-11e7-a4f9-1cc1de329608
congressionaldistrict,10,dc172c78-878e-11e7-a4f9-1cc1de329608
congressionaldistrict,10,dc172c44-878e-11e7-a4f9-1cc1de329608
congressionaldistrict,10,dc172d1f-878e-11e7-a4f9-1cc1de329608
congressionaldistrict,10,dc172b9d-878e-11e7-a4f9-1cc1de329608
congressionaldistrict,dc172c55-878e-11e7-a4f9-1cc1de329608,20
congressionaldistrict,dc172b48-878e-11e7-a4f9-1cc1de329608,06
congressionaldistrict,09,dc172c1b-878e-11e7-a4f9-1cc1de329608
congressionaldistrict,09,dc172ae3-878e-11e7-a4f9-1cc1de329608
congressionaldistrict,09,dc172b47-878e-11e7-a4f9-1cc1de329608
congressionaldistrict,dc172aff-878e-11e7-a4f9-1cc1de329608,20
congressionaldistrict,dc172d3f-878e-11e7-a4f9-1cc1de329608,20
congressionaldistrict,dc172ae0-878e-11e7-a4f9-1cc1de329608,06
congressionaldistrict,dc172b0b-878e-11e7-a4f9-1cc1de329608,20
congressionaldistrict,dc172c3f-878e-11e7-a4f9-1cc1de329608,18
congressionaldistrict,dc172cd3-878e-11e7-a4f9-1cc1de329608,24
congressionaldistrict,dc172c06-878e-11e7-a4f9-1cc1de329608,13
congressionaldistrict,dc172cd7-878e-11e7-a4f9-1cc1de329608,25
congressionaldistrict,dc172b8d-878e-11e7-a4f9-1cc1de329608,52
congressionaldistrict,52,dc172ccf-878e-11e7-a4f9-1cc1de329608
congressionaldistrict,52,dc172c12-878e-11e7-a4f9-1cc1de329608
congressionaldistrict,52,dc172bee-878e-11e7-a4f9-1cc1de329608
congressionaldistrict,52,dc172b93-878e-11e7-a4f9-1cc1de329608
congressionaldistrict,52,dc172c6e-878e-11e7-a4f9-1cc1de329608
congressionaldistrict,52,dc172b2b-878e-11e7-a4f9-1cc1de329608
congressionaldistrict,52,dc172a92-878e-11e7-a4f9-1cc1de329608
congressionaldistrict,dc172d3d-878e-11e7-a4f9-1cc1de329608,25
congressionaldistrict,dc172c56-878e-11e7-a4f9-1cc1de329608,01
congressionaldistrict,dc172ab7-878e-11e7-a4f9-1cc1de329608,20
congressionaldistrict,dc172c3e-878e-11e7-a4f9-1cc1de329608,18
congressionaldistrict,dc172add-878e-11e7-a4f9-1cc1de329608,01
congressionaldistrict,dc172bc2-878e-11e7-a4f9-1cc1de329608,26
congressionaldistrict,31,dc172be1-878e-11e7-a4f9-1cc1de329608
congressionaldistrict,dc172c9f-878e-11e7-a4f9-1cc1de329608,18
congressionaldistrict,dc172cc8-878e-11e7-a4f9-1cc1de329608,00
congressionaldistrict,04,dc172a9c-878e-11e7-a4f9-1cc1de329608
congressionaldistrict,04,dc172cd9-878e-11e7-a4f9-1cc1de329608
congressionaldistrict,04,dc172b04-878e-11e7-a4f9-1cc1de329608
congressionaldistrict,dc172d3c-878e-11e7-a4f9-1cc1de329608,01
congressionaldistrict,13,dc172ba8-878e-11e7-a4f9-1cc1de329608
congressionaldistrict,13,dc172d51-878e-11e7-a4f9-1cc1de329608
congressionaldistrict,13,dc172a99-878e-11e7-a4f9-1cc1de329608
congressionaldistrict,13,dc172aa3-878e-11e7-a4f9-1cc1de329608
congressionaldistrict,13,dc172b79-878e-11e7-a4f9-1cc1de329608
congressionaldistrict,dc172aaf-878e-11e7-a4f9-1cc1de329608,01
congressionaldistrict,dc172bb9-878e-11e7-a4f9-1cc1de329608,01
congressionaldistrict,dc172b4a-878e-11e7-a4f9-1cc1de329608,01
congressionaldistrict,dc172cfe-878e-11e7-a4f9-1cc1de329608,01
congressionaldistrict,dc172b3d-878e-11e7-a4f9-1cc1de329608,14
congressionaldistrict,dc172b00-878e-11e7-a4f9-1cc1de329608,12
congressionaldistrict,dc172c8a-878e-11e7-a4f9-1cc1de329608,01
congressionaldistrict,dc172d6b-878e-11e7-a4f9-1cc1de329608,01
congressionaldistrict,dc172d77-878e-11e7-a4f9-1cc1de329608,00
congressionaldistrict,dc172d16-878e-11e7-a4f9-1cc1de329608,01
congressionaldistrict,dc172d6f-878e-11e7-a4f9-1cc1de329608,20
congressionaldistrict,dc172c9e-878e-11e7-a4f9-1cc1de329608,01
congressionaldistrict,14,dc172b55-878e-11e7-a4f9-1cc1de329608
congressionaldistrict,dc172cbe-878e-11e7-a4f9-1cc1de329608,27
congressionaldistrict,dc172a9e-878e-11e7-a4f9-1cc1de329608,01
congressionaldistrict,dc172d61-878e-11e7-a4f9-1cc1de329608,01
congressionaldistrict,dc172ad4-878e-11e7-a4f9-1cc1de329608,27
congressionaldistrict,dc172cd2-878e-11e7-a4f9-1cc1de329608,06
congressionaldistrict,dc172c8c-878e-11e7-a4f9-1cc1de329608,01
congressionaldistrict,dc172c7f-878e-11e7-a4f9-1cc1de329608,25
congressionaldistrict,dc172d62-878e-11e7-a4f9-1cc1de329608,06
congressionaldistrict,dc172c46-878e-11e7-a4f9-1cc1de329608,01
congressionaldistrict,dc172d65-878e-11e7-a4f9-1cc1de329608,00
congressionaldistrict,dc172d4b-878e-11e7-a4f9-1cc1de329608,12
congressionaldistrict,dc172d2e-878e-11e7-a4f9-1cc1de329608,06
congressionaldistrict,dc172bab-878e-11e7-a4f9-1cc1de329608,01
congressionaldistrict,dc172bb0-878e-11e7-a4f9-1cc1de329608,01
congressionaldistrict,dc172be0-878e-11e7-a4f9-1cc1de329608,12
congressionaldistrict,dc172c9a-878e-11e7-a4f9-1cc1de329608,06
congressionaldistrict,dc172c2c-878e-11e7-a4f9-1cc1de329608,47
congressionaldistrict,dc172d5a-878e-11e7-a4f9-1cc1de329608,01
congressionaldistrict,dc172cf3-878e-11e7-a4f9-1cc1de329608,06
congressionaldistrict,dc172b10-878e-11e7-a4f9-1cc1de329608,06
congressionaldistrict,dc172ad5-878e-11e7-a4f9-1cc1de329608,06
congressionaldistrict,01,dc172c2d-878e-11e7-a4f9-1cc1de329608
congressionaldistrict,01,dc172bbc-878e-11e7-a4f9-1cc1de329608
congressionaldistrict,01,dc172bc5-878e-11e7-a4f9-1cc1de329608
congressionaldistrict,01,dc172cc0-878e-11e7-a4f9-1cc1de329608
congressionaldistrict,01,dc172c09-878e-11e7-a4f9-1cc1de329608
congressionaldistrict,01,dc172cb8-878e-11e7-a4f9-1cc1de329608
congressionaldistrict,01,dc172d4e-878e-11e7-a4f9-1cc1de329608
congressionaldistrict,01,dc172bc4-878e-11e7-a4f9-1cc1de329608
congressionaldistrict,01,dc172c37-878e-11e7-a4f9-1cc1de329608
congressionaldistrict,01,dc172c6d-878e-11e7-a4f9-1cc1de329608
congressionaldistrict,01,dc172b8a-878e-11e7-a4f9-1cc1de329608
congressionaldistrict,18,dc172d23-878e-11e7-a4f9-1cc1de329608
congressionaldistrict,18,dc172c2b-878e-11e7-a4f9-1cc1de329608
congressionaldistrict,18,dc172cb5-878e-11e7-a4f9-1cc1de329608
congressionaldistrict,18,dc172d6c-878e-11e7-a4f9-1cc1de329608
congressionaldistrict,18,dc172cd4-878e-11e7-a4f9-1cc1de329608
congressionaldistrict,18,dc172c59-878e-11e7-a4f9-1cc1de329608
congressionaldistrict,dc172b4b-878e-11e7-a4f9-1cc1de329608,25
congressionaldistrict,00,dc172b02-878e-11e7-a4f9-1cc1de329608
congressionaldistrict,dc172ac4-878e-11e7-a4f9-1cc1de329608,06
congressionaldistrict,dc172ce8-878e-11e7-a4f9-1cc1de329608,26
congressionaldistrict,dc172b0e-878e-11e7-a4f9-1cc1de329608,06
congressionaldistrict,25,dc172d69-878e-11e7-a4f9-1cc1de329608
congressionaldistrict,25,dc172bb4-878e-11e7-a4f9-1cc1de329608
congressionaldistrict,dc172b03-878e-11e7-a4f9-1cc1de329608,47
congressionaldistrict,dc172d2a-878e-11e7-a4f9-1cc1de329608,06
congressionaldistrict,06,dc172bb8-878e-11e7-a4f9-1cc1de329608
congressionaldistrict,12,dc172ba9-878e-11e7-a4f9-1cc1de329608
